org,sender,receiver,requestDate,resolvedDate,status
Mental HealthCare,john,drdrprash,Sun Dec 10 23:51:46 EST 2023,null,Approved
Mental HealthCare,ani,drdrprash,Sat Nov 23 01:55:02 EST 2024,null,Approved
Mental HealthCare,van,drdrprash,Thu Dec 05 19:57:03 EST 2024,null,Approved
Mental HealthCare,van,drdrprash,Thu Dec 05 19:57:13 EST 2024,null,Pending
Physical HealthCare,john,null,Sun Dec 10 23:52:32 EST 2023,null,Sent
Physical HealthCare,ani,null,Sat Nov 23 01:55:31 EST 2024,null,Sent
Physical HealthCare,van,ken,Thu Dec 05 20:24:35 EST 2024,null,Approved
Grad School,john,shob,Sun Dec 10 23:52:10 EST 2023,null,Processing
Grad School,ani,shob,Sat Nov 23 01:58:05 EST 2024,null,Accepted
Grad School,van,shob,Thu Dec 05 20:49:32 EST 2024,null,Rejected
Permanent Housing,van,sthavir,Thu Dec 05 20:17:07 EST 2024,null,Accepted
Permanent Housing,van,sthavir,Fri Dec 06 16:30:49 EST 2024,null,Accepted
Permanent Housing,van,sthavir,Fri Dec 06 16:32:39 EST 2024,null,Rejected
Temporary Housing,van,neha,Thu Dec 05 19:37:12 EST 2024,null,Accepted
Temporary Housing,van,neha,Thu Dec 05 19:44:46 EST 2024,null,Accepted
